{"cameraMode":{"drawMode":0,"name":"Shaded","section":"Shading Mode"},"sceneLighting":true,"audioPlay":false,"sceneViewState":{"showFog":true,"showMaterialUpdate":false,"showSkybox":true,"showFlares":true,"showImageEffects":true,"showParticleSystems":true},"in2DMode":false,"pivot":{"x":9.739099502563477,"y":10.59815788269043,"z":-7.426840782165527},"rotation":{"x":-0.3915455937385559,"y":0.003311730455607176,"z":-0.0014090562472119928,"w":-0.9201517105102539},"size":22.0,"orthographic":false}