{"cameraMode":{"drawMode":0,"name":"Shaded","section":"Shading Mode"},"sceneLighting":false,"audioPlay":false,"sceneViewState":{"showFog":true,"showMaterialUpdate":false,"showSkybox":false,"showFlares":true,"showImageEffects":true,"showParticleSystems":true},"in2DMode":false,"pivot":{"x":0.009113311767578125,"y":0.14755511283874513,"z":-0.07175183296203613},"rotation":{"x":0.16181179881095887,"y":0.4241960942745209,"z":-0.07732906192541123,"w":0.8876344561576843},"size":1.4612436294555665,"orthographic":false}