{"cameraMode":{"drawMode":0,"name":"Shaded","section":"Shading Mode"},"sceneLighting":true,"audioPlay":false,"sceneViewState":{"showFog":true,"showMaterialUpdate":false,"showSkybox":true,"showFlares":true,"showImageEffects":true,"showParticleSystems":true},"in2DMode":false,"pivot":{"x":-0.7810790538787842,"y":-1.3933639526367188,"z":0.3117046356201172},"rotation":{"x":-0.2582494020462036,"y":-0.026950355619192125,"z":0.00720696896314621,"w":-0.965675413608551},"size":31.28621482849121,"orthographic":false}