{"cameraMode":{"drawMode":0,"name":"Shaded","section":"Shading Mode"},"sceneLighting":false,"audioPlay":false,"sceneViewState":{"showFog":true,"showMaterialUpdate":false,"showSkybox":false,"showFlares":true,"showImageEffects":true,"showParticleSystems":true},"in2DMode":false,"pivot":{"x":0.08000004291534424,"y":0.5,"z":7.559999465942383},"rotation":{"x":-0.36218714714050295,"y":0.02991291880607605,"z":-0.011629526503384114,"w":-0.9315527677536011},"size":91.32076263427735,"orthographic":false}