{"cameraMode":{"drawMode":0,"name":"Shaded","section":"Shading Mode"},"sceneLighting":true,"audioPlay":false,"sceneViewState":{"showFog":true,"showMaterialUpdate":false,"showSkybox":true,"showFlares":true,"showImageEffects":true,"showParticleSystems":true},"in2DMode":false,"pivot":{"x":0.032658591866493228,"y":2.2140207290649416,"z":2.6764800548553469},"rotation":{"x":0.14080482721328736,"y":-0.024040427058935167,"z":0.003419696120545268,"w":0.9897395372390747},"size":4.019198894500732,"orthographic":false}