{"cameraMode":{"drawMode":0,"name":"Shaded","section":"Shading Mode"},"sceneLighting":false,"audioPlay":false,"sceneViewState":{"showFog":true,"showMaterialUpdate":false,"showSkybox":false,"showFlares":true,"showImageEffects":true,"showParticleSystems":true},"in2DMode":false,"pivot":{"x":-2.0215911865234377,"y":6.950187683105469,"z":-6.245920658111572},"rotation":{"x":-0.09871473163366318,"y":0.6914647221565247,"z":-0.09625446796417237,"w":-0.7091311812400818},"size":72.79952239990235,"orthographic":false}